1,11.125,38.5,0,{Door Size},12,,Flat Panel Square
3,12.75,38.5,0,{Door Size},4(2)&5,,Flat Panel Square
1,14.0625,38.5,0,{Door Size},5,,Flat Panel Square
1,17.25,38.5,0,{Door Size},6,,Flat Panel Square
1,11.25,38.5,0,{Door Size},6,,Flat Panel Square
2,13.3125,21.75,0,{Door Size},14(2),,Flat Panel Square
1,12.125,38.5,0,{Door Size},16,,Flat Panel Square
1,26.8125,67.375,0,{Door Size},14,,Flat Panel Square
2,15.75,57.5,0,{Door Size},23&24,,Flat Panel Square
4,15.8125,57.5,0,{Door Size},23(2)&24(2),,Flat Panel Square
1,24.25,21.75,0,{Door Size},15,,Flat Panel (Tall End)
1,18.375,38.5,0,{Door Size},11,,Flat Panel Square
1,24.25,67.375,0,{Door Size},14,,Flat Panel (Tall End)
1,17.25,30.125,0,{Door Size},8,,Flat Panel Square
2,14.875,38.5,0,{Door Size},9(2),,Flat Panel Square
2,13.875,30.125,0,{Door Size},7(2),,Flat Panel Square
2,14.875,27.625,0,{Door Size},17(2),,Flat Panel Square
2,12.25,38.5,0,{Door Size},18(2),,Flat Panel Square
1,11.875,38.5,0,{Door Size},12,,Flat Panel Square
2,14.875,22.5625,0,{Door Size},2(2),,Flat Panel Square
2,11.8125,38.5,0,{Door Size},4(2),,Flat Panel Square
2,18.375,21.75,0,{Door Size},10(2),,Flat Panel Square
1,11.5,30.125,0,{Door Size},8,,Flat Panel Square
1,23.875,15,0,{Drawer Front Size},27,,Flat Panel Drawer
1,24.375,7.4375,0,{Drawer Front Size},13,,Flat Panel Drawer
1,6.625,30.125,0,{Drawer Front Size},1,,Flat Panel Drawer
1,29.875,7.4375,0,{Drawer Front Size},2,,Flat Panel Drawer
2,24.375,11.1875,0,{Drawer Front Size},13(2),,Flat Panel Drawer
1,16.875,30.125,0,{Drawer Front Size},26,,Flat Panel Drawer
